ImageId,PredictionString
b4c3b52a8723d431,/m/0d4v4 0.9905335 0.024714049 0.019978283 1.0 1.0 
b4c3b52a8723d431,/m/0d4v4 0.9905335 0.024714049 0.019978283 1.0 1.0 /m/0d4v4 0.7642942 0.39954898 0.072168276 0.60007685 0.40093252 
631bb0244ef594e6,/m/01g317 0.852272 0.6139982 0.18829753 0.91976994 0.9404318 
631bb0244ef594e6,/m/01g317 0.852272 0.6139982 0.18829753 0.91976994 0.9404318 /m/01g317 0.79391074 0.086834684 0.27932927 0.16159382 0.6608624 
631bb0244ef594e6,/m/01g317 0.852272 0.6139982 0.18829753 0.91976994 0.9404318 /m/01g317 0.79391074 0.086834684 0.27932927 0.16159382 0.6608624 /m/01g317 0.61746174 0.6059312 0.16382271 0.9262295 0.9599825 
631bb0244ef594e6,/m/01g317 0.852272 0.6139982 0.18829753 0.91976994 0.9404318 /m/01g317 0.79391074 0.086834684 0.27932927 0.16159382 0.6608624 /m/01g317 0.61746174 0.6059312 0.16382271 0.9262295 0.9599825 /m/01g317 0.46272606 0.30462474 0.28138468 0.36535454 0.53575915 
