ImageId,PredictionString
2e0faba8ec7a45df,/m/015qff 0.8084297 0.012611198 0.060180057 0.92079663 0.8604039 /m/015qff 0.48766145 0.20314804 0.8356288 0.30055016 0.9779827 /m/015qff 0.4389071 0.55480087 0.62312376 0.63201994 0.90121216 /m/015qff 0.4219031 0.7636186 0.61288685 0.85674846 0.914209 /m/015qff 0.3718063 0.5561196 0.61076367 0.62787706 0.9068423 
424655665da0e2a2,/m/06msq 0.52467465 0.3797909 0.31784147 0.8750191 0.9816094 /m/06msq 0.40288427 0.3067401 0.27323717 0.9134783 1.0 
