ImageId,PredictionString
33813f14b48b7cc2,/m/01g317 0.38500825 0.16173233 0.30694595 0.8275268 0.7761029 
f42827e25ca23f8e,/m/01g317 0.8319199 0.022953967 0.35165235 0.12994203 0.88309926 /m/01g317 0.7393478 0.39717296 0.2042622 0.5469154 0.877746 /m/01g317 0.681278 0.39275935 0.33282512 0.54758245 0.5673269 /m/01g317 0.35787475 0.6597872 0.85393465 0.7223433 0.95835215 
